,mean_fit_time,std_fit_time,mean_score_time,std_score_time,param_activation,param_alpha,param_early_stopping,param_hidden_layer_sizes,param_learning_rate,param_max_iter,param_random_state,param_solver,params,split0_test_mcc,split1_test_mcc,split2_test_mcc,split3_test_mcc,split4_test_mcc,mean_test_mcc,std_test_mcc,rank_test_mcc,split0_train_mcc,split1_train_mcc,split2_train_mcc,split3_train_mcc,split4_train_mcc,mean_train_mcc,std_train_mcc,split0_test_auprc,split1_test_auprc,split2_test_auprc,split3_test_auprc,split4_test_auprc,mean_test_auprc,std_test_auprc,rank_test_auprc,split0_train_auprc,split1_train_auprc,split2_train_auprc,split3_train_auprc,split4_train_auprc,mean_train_auprc,std_train_auprc
0,0.24187488555908204,0.015210644095701146,0.005830240249633789,0.00034918184404156516,tanh,0.0001,True,"(10, 3)",constant,400,500,adam,"{'activation': 'tanh', 'alpha': 0.0001, 'early_stopping': True, 'hidden_layer_sizes': (10, 3), 'learning_rate': 'constant', 'max_iter': 400, 'random_state': 500, 'solver': 'adam'}",0.7535218429449593,0.8266532304150049,0.8530883755247335,0.8376847480365722,0.8635619706443876,0.8269020335131314,0.03880890800245007,13,0.8045447281434697,0.789321919431898,0.8317992740757432,0.8355602173520644,0.8380882092107667,0.8198628696427883,0.019434209924966472,0.9280354477548229,0.9401914173315886,0.9810234208231065,0.9439670438159967,0.9686198112456149,0.9523674281942259,0.019473945869946746,11,0.9534519916411573,0.952636733505517,0.9550471071971718,0.9601341310834851,0.9548493521878837,0.9552238631230431,0.0026120873165891116
1,0.20383601188659667,0.01995588552518342,0.0056155681610107425,0.0007325140173639541,tanh,0.0001,True,"(10, 3)",adaptive,400,500,adam,"{'activation': 'tanh', 'alpha': 0.0001, 'early_stopping': True, 'hidden_layer_sizes': (10, 3), 'learning_rate': 'adaptive', 'max_iter': 400, 'random_state': 500, 'solver': 'adam'}",0.7535218429449593,0.8266532304150049,0.8530883755247335,0.8376847480365722,0.8635619706443876,0.8269020335131314,0.03880890800245007,13,0.8045447281434697,0.789321919431898,0.8317992740757432,0.8355602173520644,0.8380882092107667,0.8198628696427883,0.019434209924966472,0.9280354477548229,0.9401914173315886,0.9810234208231065,0.9439670438159967,0.9686198112456149,0.9523674281942259,0.019473945869946746,11,0.9534519916411573,0.952636733505517,0.9550471071971718,0.9601341310834851,0.9548493521878837,0.9552238631230431,0.0026120873165891116
2,0.16717805862426757,0.07227845248257551,0.0055538654327392575,0.0008918105078580305,tanh,0.0001,True,"(30, 5)",constant,400,500,adam,"{'activation': 'tanh', 'alpha': 0.0001, 'early_stopping': True, 'hidden_layer_sizes': (30, 5), 'learning_rate': 'constant', 'max_iter': 400, 'random_state': 500, 'solver': 'adam'}",0.8301843673990094,0.8266532304150049,0.7510676161988108,0.7867026750311066,0.7911811974796877,0.7971578173047238,0.02908631646721391,23,0.8848591463771013,0.822877503510978,0.7858131354555172,0.7762319155325854,0.7773469073676813,0.8094257216487726,0.0413753194994467,0.9383608669256431,0.9322091035713046,0.9707029312492342,0.9097358059693514,0.9624752234034408,0.9426967862237949,0.02186663503773904,23,0.9696749748272249,0.9481594796997422,0.9349174599002706,0.9483835066022158,0.9362051286714003,0.9474681099401708,0.012480659876704676
3,0.1947859287261963,0.06252654789342697,0.006491279602050782,0.0006501603327221097,tanh,0.0001,True,"(30, 5)",adaptive,400,500,adam,"{'activation': 'tanh', 'alpha': 0.0001, 'early_stopping': True, 'hidden_layer_sizes': (30, 5), 'learning_rate': 'adaptive', 'max_iter': 400, 'random_state': 500, 'solver': 'adam'}",0.8301843673990094,0.8266532304150049,0.7510676161988108,0.7867026750311066,0.7911811974796877,0.7971578173047238,0.02908631646721391,23,0.8848591463771013,0.822877503510978,0.7858131354555172,0.7762319155325854,0.7773469073676813,0.8094257216487726,0.0413753194994467,0.9383608669256431,0.9322091035713046,0.9707029312492342,0.9097358059693514,0.9624752234034408,0.9426967862237949,0.02186663503773904,23,0.9696749748272249,0.9481594796997422,0.9349174599002706,0.9483835066022158,0.9362051286714003,0.9474681099401708,0.012480659876704676
4,0.17103404998779298,0.009656154474335016,0.006372594833374023,0.000516414391366998,tanh,0.0001,True,"(50, 10)",constant,400,500,adam,"{'activation': 'tanh', 'alpha': 0.0001, 'early_stopping': True, 'hidden_layer_sizes': (50, 10), 'learning_rate': 'constant', 'max_iter': 400, 'random_state': 500, 'solver': 'adam'}",0.7888122871481985,0.8389654387014024,0.8530883755247335,0.8376847480365722,0.8503381148199741,0.8337777928461761,0.023286114052435296,9,0.8411202324859127,0.8346592298930514,0.8317632839421292,0.8353614590599423,0.8318693313150441,0.834954707339216,0.0034050310638249143,0.9080918406211985,0.9376183266413729,0.9787138494858274,0.9321769318745226,0.9643391650855819,0.9441880227417006,0.024853421593316084,17,0.9503819106235026,0.9503578797034103,0.9432963340088406,0.9507386844940752,0.9433605246216307,0.9476270666902918,0.0035124719770450097
5,0.17158756256103516,0.006235098187100043,0.0061988353729248045,0.0003339827979240389,tanh,0.0001,True,"(50, 10)",adaptive,400,500,adam,"{'activation': 'tanh', 'alpha': 0.0001, 'early_stopping': True, 'hidden_layer_sizes': (50, 10), 'learning_rate': 'adaptive', 'max_iter': 400, 'random_state': 500, 'solver': 'adam'}",0.7888122871481985,0.8389654387014024,0.8530883755247335,0.8376847480365722,0.8503381148199741,0.8337777928461761,0.023286114052435296,9,0.8411202324859127,0.8346592298930514,0.8317632839421292,0.8353614590599423,0.8318693313150441,0.834954707339216,0.0034050310638249143,0.9080918406211985,0.9376183266413729,0.9787138494858274,0.9321769318745226,0.9643391650855819,0.9441880227417006,0.024853421593316084,17,0.9503819106235026,0.9503578797034103,0.9432963340088406,0.9507386844940752,0.9433605246216307,0.9476270666902918,0.0035124719770450097
6,0.40482311248779296,0.07846050766211317,0.01082925796508789,0.0009286034776268298,tanh,0.0001,True,"(100,)",constant,400,500,adam,"{'activation': 'tanh', 'alpha': 0.0001, 'early_stopping': True, 'hidden_layer_sizes': (100,), 'learning_rate': 'constant', 'max_iter': 400, 'random_state': 500, 'solver': 'adam'}",0.8155160718142586,0.851323788959475,0.8530883755247335,0.8269105337533093,0.8626910015966112,0.8419059543296775,0.01770338318077254,7,0.8722139787818612,0.8627381038447293,0.8380480546588108,0.9005640904071732,0.8412019403587907,0.8629532336102731,0.022776175832050417,0.9428240184424672,0.9572973907198473,0.9822721446592031,0.9245074294802941,0.9700911647090498,0.9553984296021725,0.020268442385920984,7,0.9727677887327515,0.9693783233215677,0.9575991434504204,0.9833723331430672,0.9587440664427034,0.968372331018102,0.009529923209419772
7,0.3759482383728027,0.06300263175917536,0.012514448165893555,0.0011858505230312175,tanh,0.0001,True,"(100,)",adaptive,400,500,adam,"{'activation': 'tanh', 'alpha': 0.0001, 'early_stopping': True, 'hidden_layer_sizes': (100,), 'learning_rate': 'adaptive', 'max_iter': 400, 'random_state': 500, 'solver': 'adam'}",0.8155160718142586,0.851323788959475,0.8530883755247335,0.8269105337533093,0.8626910015966112,0.8419059543296775,0.01770338318077254,7,0.8722139787818612,0.8627381038447293,0.8380480546588108,0.9005640904071732,0.8412019403587907,0.8629532336102731,0.022776175832050417,0.9428240184424672,0.9572973907198473,0.9822721446592031,0.9245074294802941,0.9700911647090498,0.9553984296021725,0.020268442385920984,7,0.9727677887327515,0.9693783233215677,0.9575991434504204,0.9833723331430672,0.9587440664427034,0.968372331018102,0.009529923209419772
8,0.1105419635772705,0.01801857672057739,0.005305814743041992,0.00010407503787337366,tanh,0.05,True,"(10, 3)",constant,400,500,adam,"{'activation': 'tanh', 'alpha': 0.05, 'early_stopping': True, 'hidden_layer_sizes': (10, 3), 'learning_rate': 'constant', 'max_iter': 400, 'random_state': 500, 'solver': 'adam'}",0.7535218429449593,0.8266532304150049,0.8530883755247335,0.8376847480365722,0.8635619706443876,0.8269020335131314,0.03880890800245007,13,0.8045447281434697,0.789321919431898,0.8317992740757432,0.8355602173520644,0.8380882092107667,0.8198628696427883,0.019434209924966472,0.9280354477548229,0.9401335871210866,0.9810234208231065,0.9446080694570224,0.9686198112456149,0.9524840672803307,0.019427597033768385,9,0.9534107472622682,0.9526628990764688,0.9550188471424451,0.9601416534033376,0.9548353714137822,0.9552139036596603,0.0026162205036773614
9,0.11400742530822754,0.013375755942044664,0.005562639236450196,8.621007465275421e-05,tanh,0.05,True,"(10, 3)",adaptive,400,500,adam,"{'activation': 'tanh', 'alpha': 0.05, 'early_stopping': True, 'hidden_layer_sizes': (10, 3), 'learning_rate': 'adaptive', 'max_iter': 400, 'random_state': 500, 'solver': 'adam'}",0.7535218429449593,0.8266532304150049,0.8530883755247335,0.8376847480365722,0.8635619706443876,0.8269020335131314,0.03880890800245007,13,0.8045447281434697,0.789321919431898,0.8317992740757432,0.8355602173520644,0.8380882092107667,0.8198628696427883,0.019434209924966472,0.9280354477548229,0.9401335871210866,0.9810234208231065,0.9446080694570224,0.9686198112456149,0.9524840672803307,0.019427597033768385,9,0.9534107472622682,0.9526628990764688,0.9550188471424451,0.9601416534033376,0.9548353714137822,0.9552139036596603,0.0026162205036773614
10,0.17133817672729493,0.056881632420199404,0.005995750427246094,0.00021213498567398877,tanh,0.05,True,"(30, 5)",constant,400,500,adam,"{'activation': 'tanh', 'alpha': 0.05, 'early_stopping': True, 'hidden_layer_sizes': (30, 5), 'learning_rate': 'constant', 'max_iter': 400, 'random_state': 500, 'solver': 'adam'}",0.8301843673990094,0.8143831448444341,0.7510676161988108,0.7867026750311066,0.7911811974796877,0.7947038001906097,0.02693210182097538,25,0.8909961150921433,0.8198165537983791,0.7858131354555172,0.7732421079453028,0.7743119192297367,0.8088359663042158,0.04440663614851805,0.938434548033807,0.9322091035713046,0.9704962684927289,0.9098964513944992,0.9625588638540538,0.9427190470692786,0.0217776536440749,21,0.9699783612554321,0.9481485034653656,0.9350445567151311,0.9484489462757537,0.9362272689127303,0.9475695273248824,0.012560144456593847
11,0.1692586898803711,0.06978219176104002,0.005618095397949219,0.0004179190845079431,tanh,0.05,True,"(30, 5)",adaptive,400,500,adam,"{'activation': 'tanh', 'alpha': 0.05, 'early_stopping': True, 'hidden_layer_sizes': (30, 5), 'learning_rate': 'adaptive', 'max_iter': 400, 'random_state': 500, 'solver': 'adam'}",0.8301843673990094,0.8143831448444341,0.7510676161988108,0.7867026750311066,0.7911811974796877,0.7947038001906097,0.02693210182097538,25,0.8909961150921433,0.8198165537983791,0.7858131354555172,0.7732421079453028,0.7743119192297367,0.8088359663042158,0.04440663614851805,0.938434548033807,0.9322091035713046,0.9704962684927289,0.9098964513944992,0.9625588638540538,0.9427190470692786,0.0217776536440749,21,0.9699783612554321,0.9481485034653656,0.9350445567151311,0.9484489462757537,0.9362272689127303,0.9475695273248824,0.012560144456593847
12,0.164306116104126,0.007134017856459133,0.005987787246704101,0.0003163284876913874,tanh,0.05,True,"(50, 10)",constant,400,500,adam,"{'activation': 'tanh', 'alpha': 0.05, 'early_stopping': True, 'hidden_layer_sizes': (50, 10), 'learning_rate': 'constant', 'max_iter': 400, 'random_state': 500, 'solver': 'adam'}",0.7888122871481985,0.8389654387014024,0.8530883755247335,0.8376847480365722,0.8503381148199741,0.8337777928461761,0.023286114052435296,9,0.8411202324859127,0.8346592298930514,0.8317632839421292,0.8353614590599423,0.8318693313150441,0.834954707339216,0.0034050310638249143,0.9080655950191102,0.9376183266413729,0.9787138494858274,0.933138470336061,0.964185805786653,0.9443444094538049,0.024746333283334067,15,0.9504964347213853,0.9505295106670568,0.9431852826149694,0.9505426534058118,0.9432873035531505,0.9476082369924747,0.0035698548122442444
13,0.16558260917663575,0.005049940409523367,0.006334114074707031,0.00031045685691298574,tanh,0.05,True,"(50, 10)",adaptive,400,500,adam,"{'activation': 'tanh', 'alpha': 0.05, 'early_stopping': True, 'hidden_layer_sizes': (50, 10), 'learning_rate': 'adaptive', 'max_iter': 400, 'random_state': 500, 'solver': 'adam'}",0.7888122871481985,0.8389654387014024,0.8530883755247335,0.8376847480365722,0.8503381148199741,0.8337777928461761,0.023286114052435296,9,0.8411202324859127,0.8346592298930514,0.8317632839421292,0.8353614590599423,0.8318693313150441,0.834954707339216,0.0034050310638249143,0.9080655950191102,0.9376183266413729,0.9787138494858274,0.933138470336061,0.964185805786653,0.9443444094538049,0.024746333283334067,15,0.9504964347213853,0.9505295106670568,0.9431852826149694,0.9505426534058118,0.9432873035531505,0.9476082369924747,0.0035698548122442444
14,0.3943213939666748,0.09843751918009225,0.007128190994262695,0.0011118489779410525,tanh,0.05,True,"(100,)",constant,400,500,adam,"{'activation': 'tanh', 'alpha': 0.05, 'early_stopping': True, 'hidden_layer_sizes': (100,), 'learning_rate': 'constant', 'max_iter': 400, 'random_state': 500, 'solver': 'adam'}",0.8415200001102636,0.851323788959475,0.8530883755247335,0.8269105337533093,0.8626910015966112,0.8471067399888785,0.012128735171842236,1,0.9097638952971723,0.8658736942585357,0.8380480546588108,0.8974772963309733,0.8380409510992144,0.8698407783289414,0.02964920384078841,0.9635720942003455,0.9603843422101316,0.9824319329397315,0.9231689805205999,0.9702658677139414,0.95996464351695,0.019889720846361154,5,0.9870575410174716,0.9714951163913259,0.9573517172936525,0.9827476100022097,0.9583087895714404,0.97139215485522,0.012187449448959846
15,0.4030104160308838,0.1129440057431497,0.007794618606567383,0.000294501708802916,tanh,0.05,True,"(100,)",adaptive,400,500,adam,"{'activation': 'tanh', 'alpha': 0.05, 'early_stopping': True, 'hidden_layer_sizes': (100,), 'learning_rate': 'adaptive', 'max_iter': 400, 'random_state': 500, 'solver': 'adam'}",0.8415200001102636,0.851323788959475,0.8530883755247335,0.8269105337533093,0.8626910015966112,0.8471067399888785,0.012128735171842236,1,0.9097638952971723,0.8658736942585357,0.8380480546588108,0.8974772963309733,0.8380409510992144,0.8698407783289414,0.02964920384078841,0.9635720942003455,0.9603843422101316,0.9824319329397315,0.9231689805205999,0.9702658677139414,0.95996464351695,0.019889720846361154,5,0.9870575410174716,0.9714951163913259,0.9573517172936525,0.9827476100022097,0.9583087895714404,0.97139215485522,0.012187449448959846
16,0.07911295890808105,0.001993966325958038,0.005107498168945313,0.00019933028616332584,relu,0.0001,True,"(10, 3)",constant,400,500,adam,"{'activation': 'relu', 'alpha': 0.0001, 'early_stopping': True, 'hidden_layer_sizes': (10, 3), 'learning_rate': 'constant', 'max_iter': 400, 'random_state': 500, 'solver': 'adam'}",0.0,0.0,0.0,0.0,0.0,0.0,0.0,29,0.0,0.0,0.0,0.0,0.0,0.0,0.0,0.8061400301639732,0.8643055061873525,0.8542436968255778,0.8537879691413387,0.9095725437350102,0.8576099492106504,0.03292425691302089,29,0.8610773188039962,0.8553228186422959,0.8525104338402181,0.8605330257710881,0.8469249472739513,0.85527370886631,0.0052665401048441595
17,0.08407526016235352,0.009417608685015254,0.0053523540496826175,0.0002684198319984339,relu,0.0001,True,"(10, 3)",adaptive,400,500,adam,"{'activation': 'relu', 'alpha': 0.0001, 'early_stopping': True, 'hidden_layer_sizes': (10, 3), 'learning_rate': 'adaptive', 'max_iter': 400, 'random_state': 500, 'solver': 'adam'}",0.0,0.0,0.0,0.0,0.0,0.0,0.0,29,0.0,0.0,0.0,0.0,0.0,0.0,0.0,0.8061400301639732,0.8643055061873525,0.8542436968255778,0.8537879691413387,0.9095725437350102,0.8576099492106504,0.03292425691302089,29,0.8610773188039962,0.8553228186422959,0.8525104338402181,0.8605330257710881,0.8469249472739513,0.85527370886631,0.0052665401048441595
18,0.20958690643310546,0.08616354312778642,0.010766887664794922,0.007114696483510561,relu,0.0001,True,"(30, 5)",constant,400,500,adam,"{'activation': 'relu', 'alpha': 0.0001, 'early_stopping': True, 'hidden_layer_sizes': (30, 5), 'learning_rate': 'constant', 'max_iter': 400, 'random_state': 500, 'solver': 'adam'}",0.8025974025974026,0.8021511408988292,0.820412654142367,0.7993854023439194,0.8031637545513317,0.80554207090677,0.007548041865505269,21,0.8596386303628271,0.7988215758668714,0.7888759455074641,0.7912009912708702,0.7986361377616058,0.8074346561539276,0.026400044005756164,0.9351479644281433,0.9259740356194803,0.9764035038446874,0.9275058473919393,0.9576018004191695,0.944526630340684,0.01953950016939085,13,0.9505552731033371,0.9485129694827049,0.9397375030323071,0.9496883053121639,0.9421879726687209,0.9461364047198468,0.004343420636998639
19,0.16135544776916505,0.01505700930329449,0.005814838409423828,0.0003956335861268279,relu,0.0001,True,"(30, 5)",adaptive,400,500,adam,"{'activation': 'relu', 'alpha': 0.0001, 'early_stopping': True, 'hidden_layer_sizes': (30, 5), 'learning_rate': 'adaptive', 'max_iter': 400, 'random_state': 500, 'solver': 'adam'}",0.8025974025974026,0.8021511408988292,0.820412654142367,0.7993854023439194,0.8031637545513317,0.80554207090677,0.007548041865505269,21,0.8596386303628271,0.7988215758668714,0.7888759455074641,0.7912009912708702,0.7986361377616058,0.8074346561539276,0.026400044005756164,0.9351479644281433,0.9259740356194803,0.9764035038446874,0.9275058473919393,0.9576018004191695,0.944526630340684,0.01953950016939085,13,0.9505552731033371,0.9485129694827049,0.9397375030323071,0.9496883053121639,0.9421879726687209,0.9461364047198468,0.004343420636998639
20,0.1432349681854248,0.021272994328742013,0.005637407302856445,0.000824179461079533,relu,0.0001,True,"(50, 10)",constant,400,500,adam,"{'activation': 'relu', 'alpha': 0.0001, 'early_stopping': True, 'hidden_layer_sizes': (50, 10), 'learning_rate': 'constant', 'max_iter': 400, 'random_state': 500, 'solver': 'adam'}",0.7891137712700559,0.8389654387014024,0.8671732179446182,0.8246213389081657,0.8013399281244821,0.8242427389897449,0.027635160092077057,17,0.8386998936310824,0.837882274580243,0.8132767552682221,0.8236084581456282,0.8080888798054866,0.8243112522861326,0.012462945549137776,0.8666200198704237,0.9237802184672063,0.9812769584007512,0.92834285840899,0.9380448603221924,0.9276129830939128,0.03667154393717301,27,0.9379420433228626,0.9532962868773888,0.9112054393188583,0.9196141806767413,0.9369013998831233,0.9317918700157948,0.014822072177719034
21,0.17797842025756835,0.0641618975479722,0.0085113525390625,0.005534497384108901,relu,0.0001,True,"(50, 10)",adaptive,400,500,adam,"{'activation': 'relu', 'alpha': 0.0001, 'early_stopping': True, 'hidden_layer_sizes': (50, 10), 'learning_rate': 'adaptive', 'max_iter': 400, 'random_state': 500, 'solver': 'adam'}",0.7891137712700559,0.8389654387014024,0.8671732179446182,0.8246213389081657,0.8013399281244821,0.8242427389897449,0.027635160092077057,17,0.8386998936310824,0.837882274580243,0.8132767552682221,0.8236084581456282,0.8080888798054866,0.8243112522861326,0.012462945549137776,0.8666200198704237,0.9237802184672063,0.9812769584007512,0.92834285840899,0.9380448603221924,0.9276129830939128,0.03667154393717301,27,0.9379420433228626,0.9532962868773888,0.9112054393188583,0.9196141806767413,0.9369013998831233,0.9317918700157948,0.014822072177719034
22,0.32170696258544923,0.11957509442732688,0.0065630912780761715,0.0010708485545879276,relu,0.0001,True,"(100,)",constant,400,500,adam,"{'activation': 'relu', 'alpha': 0.0001, 'early_stopping': True, 'hidden_layer_sizes': (100,), 'learning_rate': 'constant', 'max_iter': 400, 'random_state': 500, 'solver': 'adam'}",0.8415200001102636,0.851323788959475,0.8530883755247335,0.8376847480365722,0.8503381148199741,0.8467910054902037,0.006057927078722779,3,0.9190755837401537,0.8627381038447293,0.8380480546588108,0.8382862088027347,0.8412019403587907,0.8598699782810438,0.030997035204557516,0.966270252497007,0.9582762911462754,0.9827074181841418,0.943149615590972,0.9700174258717886,0.9640842006580369,0.013105684872843307,1,0.9881636926256914,0.9725700576321465,0.9562908777357361,0.9592762036710397,0.9569770587643499,0.9666555780857926,0.012273027138573067
23,0.3755166053771973,0.16179513250744781,0.00846877098083496,0.0036305976425281003,relu,0.0001,True,"(100,)",adaptive,400,500,adam,"{'activation': 'relu', 'alpha': 0.0001, 'early_stopping': True, 'hidden_layer_sizes': (100,), 'learning_rate': 'adaptive', 'max_iter': 400, 'random_state': 500, 'solver': 'adam'}",0.8415200001102636,0.851323788959475,0.8530883755247335,0.8376847480365722,0.8503381148199741,0.8467910054902037,0.006057927078722779,3,0.9190755837401537,0.8627381038447293,0.8380480546588108,0.8382862088027347,0.8412019403587907,0.8598699782810438,0.030997035204557516,0.966270252497007,0.9582762911462754,0.9827074181841418,0.943149615590972,0.9700174258717886,0.9640842006580369,0.013105684872843307,1,0.9881636926256914,0.9725700576321465,0.9562908777357361,0.9592762036710397,0.9569770587643499,0.9666555780857926,0.012273027138573067
24,0.08928074836730956,0.010569337205515703,0.005169916152954102,0.00024407930833497904,relu,0.05,True,"(10, 3)",constant,400,500,adam,"{'activation': 'relu', 'alpha': 0.05, 'early_stopping': True, 'hidden_layer_sizes': (10, 3), 'learning_rate': 'constant', 'max_iter': 400, 'random_state': 500, 'solver': 'adam'}",0.0,0.0,0.0,0.0,0.0,0.0,0.0,29,0.0,0.0,0.0,0.0,0.0,0.0,0.0,0.8060642094042492,0.864154047131784,0.8536760634287803,0.8537879691413387,0.9097496045258817,0.8574863787264068,0.03301011604600585,31,0.8612082999431373,0.8554175113547282,0.8523907236123416,0.8611457439286501,0.8469551558234265,0.8554234869324567,0.005424363696039506
25,0.07801742553710937,0.012314990478107577,0.005032825469970703,0.0005877021050597463,relu,0.05,True,"(10, 3)",adaptive,400,500,adam,"{'activation': 'relu', 'alpha': 0.05, 'early_stopping': True, 'hidden_layer_sizes': (10, 3), 'learning_rate': 'adaptive', 'max_iter': 400, 'random_state': 500, 'solver': 'adam'}",0.0,0.0,0.0,0.0,0.0,0.0,0.0,29,0.0,0.0,0.0,0.0,0.0,0.0,0.0,0.8060642094042492,0.864154047131784,0.8536760634287803,0.8537879691413387,0.9097496045258817,0.8574863787264068,0.03301011604600585,31,0.8612082999431373,0.8554175113547282,0.8523907236123416,0.8611457439286501,0.8469551558234265,0.8554234869324567,0.005424363696039506
26,0.15475063323974608,0.015042613872843535,0.0056340694427490234,0.00022139585713921983,relu,0.05,True,"(30, 5)",constant,400,500,adam,"{'activation': 'relu', 'alpha': 0.05, 'early_stopping': True, 'hidden_layer_sizes': (30, 5), 'learning_rate': 'constant', 'max_iter': 400, 'random_state': 500, 'solver': 'adam'}",0.8025974025974026,0.8021511408988292,0.7972208979645002,0.7993854023439194,0.6764754597315764,0.7755660607072457,0.049583666963098946,27,0.8565214993912859,0.7927566915741456,0.7888759455074641,0.7882042905134663,0.6856762151147946,0.7824069284202313,0.05483133358483848,0.9339309560248428,0.9258853989429112,0.9760740936927264,0.9274483178877452,0.9560178729739937,0.943871327904444,0.01937305640968523,19,0.9506779797692391,0.9479664980051301,0.938938682286119,0.9493472207632693,0.9393811012147584,0.9452622964077031,0.0050577760329784515
27,0.1539322853088379,0.0237766034719215,0.005858659744262695,0.00033476848424068254,relu,0.05,True,"(30, 5)",adaptive,400,500,adam,"{'activation': 'relu', 'alpha': 0.05, 'early_stopping': True, 'hidden_layer_sizes': (30, 5), 'learning_rate': 'adaptive', 'max_iter': 400, 'random_state': 500, 'solver': 'adam'}",0.8025974025974026,0.8021511408988292,0.7972208979645002,0.7993854023439194,0.6764754597315764,0.7755660607072457,0.049583666963098946,27,0.8565214993912859,0.7927566915741456,0.7888759455074641,0.7882042905134663,0.6856762151147946,0.7824069284202313,0.05483133358483848,0.9339309560248428,0.9258853989429112,0.9760740936927264,0.9274483178877452,0.9560178729739937,0.943871327904444,0.01937305640968523,19,0.9506779797692391,0.9479664980051301,0.938938682286119,0.9493472207632693,0.9393811012147584,0.9452622964077031,0.0050577760329784515
28,0.15039801597595215,0.010945871030298926,0.006098127365112305,0.00018967300715058325,relu,0.05,True,"(50, 10)",constant,400,500,adam,"{'activation': 'relu', 'alpha': 0.05, 'early_stopping': True, 'hidden_layer_sizes': (50, 10), 'learning_rate': 'constant', 'max_iter': 400, 'random_state': 500, 'solver': 'adam'}",0.7891137712700559,0.8389654387014024,0.8671732179446182,0.7993854023439194,0.8013399281244821,0.8191955516768956,0.02935603418360313,19,0.8386998936310824,0.837882274580243,0.8132767552682221,0.8092163762884375,0.80504763891465,0.820824587736527,0.014499128962827323,0.8634298227055964,0.9203121347789117,0.981117170120223,0.9374020674413815,0.9377107499880822,0.927994389006839,0.03803299149200901,25,0.9326719976029815,0.9537479219991379,0.908842607553838,0.9365434437805097,0.9355314640340034,0.933467486994094,0.014366871936406334
29,0.15471248626708983,0.00802758304572404,0.007847976684570313,0.003730445291641581,relu,0.05,True,"(50, 10)",adaptive,400,500,adam,"{'activation': 'relu', 'alpha': 0.05, 'early_stopping': True, 'hidden_layer_sizes': (50, 10), 'learning_rate': 'adaptive', 'max_iter': 400, 'random_state': 500, 'solver': 'adam'}",0.7891137712700559,0.8389654387014024,0.8671732179446182,0.7993854023439194,0.8013399281244821,0.8191955516768956,0.02935603418360313,19,0.8386998936310824,0.837882274580243,0.8132767552682221,0.8092163762884375,0.80504763891465,0.820824587736527,0.014499128962827323,0.8634298227055964,0.9203121347789117,0.981117170120223,0.9374020674413815,0.9377107499880822,0.927994389006839,0.03803299149200901,25,0.9326719976029815,0.9537479219991379,0.908842607553838,0.9365434437805097,0.9355314640340034,0.933467486994094,0.014366871936406334
30,0.3389244556427002,0.07652380640108372,0.0069907188415527345,0.0005347344333236756,relu,0.05,True,"(100,)",constant,400,500,adam,"{'activation': 'relu', 'alpha': 0.05, 'early_stopping': True, 'hidden_layer_sizes': (100,), 'learning_rate': 'constant', 'max_iter': 400, 'random_state': 500, 'solver': 'adam'}",0.8415200001102636,0.851323788959475,0.8530883755247335,0.8376847480365722,0.8503381148199741,0.8467910054902037,0.006057927078722779,3,0.9096782627582874,0.8627381038447293,0.8380480546588108,0.8382862088027347,0.8380409510992144,0.8573583162327554,0.02784281235350853,0.9632973664480137,0.9582800163025458,0.9823467992313007,0.9423661105521477,0.9700174258717886,0.9632615436811592,0.013200946538270386,3,0.9869245525456736,0.9719394988468621,0.9560259948710159,0.959174516736207,0.9565703399172603,0.9661269805834038,0.01189975138243701
31,0.3137113094329834,0.062201413906473296,0.005967617034912109,0.0019861718934189557,relu,0.05,True,"(100,)",adaptive,400,500,adam,"{'activation': 'relu', 'alpha': 0.05, 'early_stopping': True, 'hidden_layer_sizes': (100,), 'learning_rate': 'adaptive', 'max_iter': 400, 'random_state': 500, 'solver': 'adam'}",0.8415200001102636,0.851323788959475,0.8530883755247335,0.8376847480365722,0.8503381148199741,0.8467910054902037,0.006057927078722779,3,0.9096782627582874,0.8627381038447293,0.8380480546588108,0.8382862088027347,0.8380409510992144,0.8573583162327554,0.02784281235350853,0.9632973664480137,0.9582800163025458,0.9823467992313007,0.9423661105521477,0.9700174258717886,0.9632615436811592,0.013200946538270386,3,0.9869245525456736,0.9719394988468621,0.9560259948710159,0.959174516736207,0.9565703399172603,0.9661269805834038,0.01189975138243701
